party	seats	seatChange	range	votes	voteShare	voteShareChange
Cons	365	47	>10	13966451	43.6	1.2
Lab	203	59	>10	10295912	32.2	-7.8
SNP	48	13	>10	1242380	3.9	0.8
LibDem	11	-1	>10	3696419	11.5	4.2
DUP	8	-2	>0	244127	0.8	-0.1
SF	7	0	>0	181853	0.6	-0.2
PC	4	0	>0	153265	0.5	0.0
SDLP	2	2	>0	118737	0.4	0.1
Green	1	0	>0	865707	2.7	1.1
Alliance	1	1	>0	134115	0.4	0.2
Brexit	0	0	<1	644257	2.0	2.0
UUP	0	0	<1	93123	0.3	0.0
YP	0	0	<1	29201	0.1	0.0
UKIP	0	0	<1	22817	0.1	-1.8
Lib	0	0	<1	10876	0.0	0.0
IGC	0	0	<1	10006	0.0	0.0
AontÃº	0	0	<1	9814	0.0	0.0
MRLP	0	0	<1	9739	0.0	0.0
CPA	0	0	<1	6486	0.0	0.0
SDP	0	0	<1	3295	0.0	0.0
AWP	0	0	<1	3086	0.0	0.0
ED	0	0	<1	1987	0.0	0.0
Libert	0	0	<1	1780	0.0	0.0
WRP	0	0	<1	524	0.0	0.0
AT	0	0	<1	351	0.0	0.0
Others	0	-1	<1	267757	0.8	0.7